profile,language,concurrency,requests,errors,rps,status
limited,go,1,4735,0,157.73,PASS
limited,go,10,23069,0,768.26,PASS
limited,go,50,30185,0,1003.56,PASS
limited,go,100,43136,0,1429.60,PASS
limited,go,250,44955,0,1486.93,PASS
limited,go,500,53718,0,1760.06,PASS
limited,go,1000,41089,0,1319.15,PASS
limited,rust,1,5628,0,187.36,PASS
limited,rust,10,21816,0,726.64,PASS
limited,rust,50,42170,0,1404.60,PASS
limited,rust,100,39409,0,1308.76,PASS
limited,rust,250,46174,0,1528.25,PASS
limited,rust,500,42828,0,1406.35,PASS
limited,rust,1000,40914,149,1293.76,FAILED
limited,node,1,3742,0,124.66,PASS
limited,node,10,9622,0,320.67,PASS
limited,node,50,15466,0,512.85,PASS
limited,node,100,19780,0,654.68,PASS
limited,node,250,15358,71,509.07,FAILED
limited,python,1,4189,0,139.48,PASS
limited,python,10,7418,0,246.99,PASS
limited,python,50,7530,0,248.92,PASS
limited,python,100,7409,0,244.96,PASS
limited,python,250,6871,0,224.16,PASS
limited,python,500,7386,0,236.06,PASS
limited,python,1000,8655,15874,272.34,FAILED
limited,php,1,4112,0,137.02,PASS
limited,php,10,14095,0,469.60,PASS
limited,php,50,15103,0,502.33,PASS
limited,php,100,14794,0,490.30,PASS
limited,php,250,15346,0,501.26,PASS
limited,php,500,15329,0,495.41,PASS
limited,php,1000,16814,0,526.85,PASS
limited,cpp,1,3837,0,127.84,PASS
limited,cpp,10,12251,0,407.71,PASS
limited,cpp,50,11696,0,387.01,PASS
limited,cpp,100,12842,0,424.23,PASS
limited,cpp,250,11841,0,383.77,PASS
limited,cpp,500,13393,0,429.85,PASS
limited,cpp,1000,14098,0,437.60,PASS
limited,java,1,6336,0,211.03,PASS
limited,java,10,8218,0,273.54,PASS
limited,java,50,19813,0,658.26,PASS
limited,java,100,30707,0,1021.99,PASS
limited,java,250,24846,0,809.31,PASS
limited,java,500,31876,0,1048.67,PASS
limited,java,1000,37519,0,1180.79,PASS
limited,elixir,1,2974,0,99.07,PASS
limited,elixir,10,10487,0,348.98,PASS
limited,elixir,50,11474,0,381.16,PASS
limited,elixir,100,9685,0,318.58,PASS
limited,elixir,250,13420,0,431.54,PASS
limited,elixir,500,14270,2501,450.49,FAILED
limited,ruby,1,5272,0,175.65,PASS
limited,ruby,10,9136,0,304.18,PASS
limited,ruby,50,11315,0,373.88,PASS
limited,ruby,100,10280,0,340.12,PASS
limited,ruby,250,11304,11,369.64,FAILED
limited,csharp,1,2934,0,97.77,PASS
limited,csharp,10,15762,0,524.16,PASS
limited,csharp,50,25374,0,843.51,PASS
limited,csharp,100,26173,0,868.88,PASS
limited,csharp,250,25177,0,831.06,PASS
limited,csharp,500,31235,0,1020.90,PASS
limited,csharp,1000,25873,0,831.14,PASS
limited,v,0,0,66570,0,WARMUP_FAILED
limited,nim,1,10674,0,355.78,PASS
limited,nim,10,39244,0,1307.69,PASS
limited,nim,50,64441,0,2144.50,PASS
limited,nim,100,66086,0,2196.61,PASS
limited,nim,250,77071,0,2564.77,PASS
limited,nim,500,95396,0,3138.01,PASS
limited,nim,1000,14625,220019,482.84,FAILED
limited,zig,1,10500,0,349.98,PASS
limited,zig,10,25509,0,849.94,PASS
limited,zig,50,39517,0,1313.71,PASS
limited,zig,100,46501,0,1534.27,PASS
limited,zig,250,56794,0,1878.05,PASS
limited,zig,500,52107,0,1709.38,PASS
limited,zig,1000,44221,546,1277.12,FAILED
